DAI-USD,BUSD-USD,TUSD-USD,USDC-USD,USDT-USD
0.086205,0.119251,0.143065,0.403979,0.143065