DAI-USD,BUSD-USD,TUSD-USD,USDC-USD,USDT-USD
17.199826,20.664406,21.716573,20.057629,20.361566